Session Key,Driver Number,Driver,Team,Position,Overall Time (s),Lane Duration (s),Adjusted Overall Time (s),Max i1 Speed (km/h),Max i2 Speed (km/h),Max st Speed (km/h),Average i1 Speed (km/h),Average i2 Speed (km/h),Average st Speed (km/h),Session,Location,Country,Year
9213,1,Max VERSTAPPEN,Red Bull Racing,1.0,5721.362,48.599999999999994,5672.762,225.0,181.0,327.0,213.47916666666666,176.94642857142858,294.8392857142857,Race,Austin,United States,2023
9213,4,Lando NORRIS,McLaren,2.0,5732.092,47.400000000000006,5684.692,220.0,186.0,332.0,211.6,182.85714285714286,295.25,Race,Austin,United States,2023
9213,55,Carlos SAINZ,Ferrari,3.0,5736.496,47.2,5689.296,219.0,186.0,329.0,209.8235294117647,181.25,302.23214285714283,Race,Austin,United States,2023
9213,11,Sergio PEREZ,Red Bull Racing,4.0,5739.822,47.9,5691.9220000000005,215.0,182.0,327.0,206.52941176470588,177.75,296.05357142857144,Race,Austin,United States,2023
9213,63,George RUSSELL,Mercedes,5.0,5746.361,48.2,5698.161,226.0,187.0,313.0,211.53846153846155,182.69642857142858,285.125,Race,Austin,United States,2023
9213,10,Pierre GASLY,Alpine,6.0,5769.358,48.7,5720.658,214.0,184.0,323.0,207.71698113207546,178.83928571428572,294.9107142857143,Race,Austin,United States,2023
9213,18,Lance STROLL,Aston Martin,7.0,5770.058,48.3,5721.758,215.0,185.0,332.0,202.45098039215685,180.46428571428572,304.85714285714283,Race,Austin,United States,2023
9213,22,Yuki TSUNODA,AlphaTauri,8.0,5795.747,71.8,5723.947,222.0,183.0,312.0,210.27272727272728,174.64285714285714,291.7857142857143,Race,Austin,United States,2023
9213,23,Alexander ALBON,Williams,9.0,5808.076,48.8,5759.276,213.0,183.0,324.0,205.91304347826087,178.05357142857142,302.2857142857143,Race,Austin,United States,2023
9213,2,Logan SARGEANT,Williams,10.0,5809.36,50.4,5758.96,217.0,188.0,329.0,206.78,182.44642857142858,307.92857142857144,Race,Austin,United States,2023
9213,27,Nico HULKENBERG,Haas F1 Team,11.0,5811.266,50.8,5760.465999999999,214.0,189.0,328.0,206.10416666666666,180.60714285714286,296.80357142857144,Race,Austin,United States,2023
9213,77,Valtteri BOTTAS,Alfa Romeo,12.0,5819.963,49.7,5770.263,212.0,186.0,318.0,203.52,181.26785714285714,295.9642857142857,Race,Austin,United States,2023
9213,24,ZHOU Guanyu,Alfa Romeo,13.0,,50.3,,217.0,183.0,318.0,206.5744680851064,177.38181818181818,290.58181818181816,Race,Austin,United States,2023
9213,20,Kevin MAGNUSSEN,Haas F1 Team,14.0,,49.7,,214.0,183.0,334.0,202.2888888888889,179.23636363636365,295.0,Race,Austin,United States,2023
9213,3,Daniel RICCIARDO,AlphaTauri,15.0,,50.8,,218.0,184.0,322.0,204.57407407407408,174.9090909090909,294.7818181818182,Race,Austin,United States,2023
9213,16,Charles LECLERC,Ferrari,,5746.024,23.9,5722.124000000001,217.0,186.0,325.0,209.76,181.48214285714286,300.7857142857143,Race,Austin,United States,2023
9213,31,Esteban OCON,Alpine,,,0.0,,205.0,177.0,309.0,198.8,173.33333333333334,302.1666666666667,Race,Austin,United States,2023
9213,14,Fernando ALONSO,Aston Martin,,,49.8,,220.0,188.0,333.0,209.70454545454547,181.51020408163265,304.83673469387753,Race,Austin,United States,2023
9213,44,Lewis HAMILTON,Mercedes,,5723.587,49.5,5674.087,225.0,187.0,320.0,214.0204081632653,183.33928571428572,288.82142857142856,Race,Austin,United States,2023
9213,81,Oscar PIASTRI,McLaren,,,0.0,,213.0,182.0,304.0,208.22222222222223,172.1,285.3,Race,Austin,United States,2023
9070,11,Sergio PEREZ,Red Bull Racing,1.0,5562.436,0.0,5562.436,221.0,227.0,324.0,201.6086956521739,208.1764705882353,311.5882352941176,Race,Baku,Azerbaijan,2023
9070,1,Max VERSTAPPEN,Red Bull Racing,2.0,5564.573,0.0,5564.573,221.0,229.0,325.0,202.44444444444446,213.31372549019608,314.7450980392157,Race,Baku,Azerbaijan,2023
9070,16,Charles LECLERC,Ferrari,3.0,5583.653,0.0,5583.653,218.0,222.0,324.0,203.69565217391303,209.3921568627451,311.29411764705884,Race,Baku,Azerbaijan,2023
9070,14,Fernando ALONSO,Aston Martin,4.0,5584.46,0.0,5584.46,223.0,231.0,326.0,201.3877551020408,209.13725490196077,315.5686274509804,Race,Baku,Azerbaijan,2023
9070,55,Carlos SAINZ,Ferrari,5.0,5607.927,0.0,5607.927,221.0,220.0,325.0,204.08510638297872,205.98039215686273,312.84313725490193,Race,Baku,Azerbaijan,2023
9070,44,Lewis HAMILTON,Mercedes,6.0,5608.581,0.0,5608.581,210.0,222.0,335.0,192.27272727272728,208.31372549019608,315.1764705882353,Race,Baku,Azerbaijan,2023
9070,18,Lance STROLL,Aston Martin,7.0,5614.053,0.0,5614.053,213.0,220.0,325.0,195.3877551020408,206.31372549019608,316.1372549019608,Race,Baku,Azerbaijan,2023
9070,63,George RUSSELL,Mercedes,8.0,5636.676,0.0,5636.676,214.0,223.0,326.0,190.51111111111112,205.2549019607843,313.8627450980392,Race,Baku,Azerbaijan,2023
9070,4,Lando NORRIS,McLaren,9.0,5642.812,0.0,5642.812,210.0,220.0,325.0,188.10416666666666,200.23529411764707,314.9019607843137,Race,Baku,Azerbaijan,2023
9070,22,Yuki TSUNODA,AlphaTauri,10.0,5646.298,0.0,5646.298,213.0,226.0,329.0,196.14893617021278,204.7450980392157,314.27450980392155,Race,Baku,Azerbaijan,2023
9070,81,Oscar PIASTRI,McLaren,11.0,5648.937,0.0,5648.937,207.0,219.0,327.0,191.69565217391303,202.09803921568627,312.6862745098039,Race,Baku,Azerbaijan,2023
9070,23,Alexander ALBON,Williams,12.0,5651.059,0.0,5651.059,202.0,209.0,335.0,185.58,199.19607843137254,315.4901960784314,Race,Baku,Azerbaijan,2023
9070,20,Kevin MAGNUSSEN,Haas F1 Team,13.0,5652.165,0.0,5652.165,217.0,218.0,329.0,195.53061224489795,206.15686274509804,318.84313725490193,Race,Baku,Azerbaijan,2023
9070,10,Pierre GASLY,Alpine,14.0,5653.768,0.0,5653.768,217.0,221.0,327.0,192.74468085106383,209.4313725490196,314.54901960784315,Race,Baku,Azerbaijan,2023
9070,31,Esteban OCON,Alpine,15.0,5660.23,0.0,5660.23,213.0,222.0,326.0,192.5744680851064,206.37254901960785,313.19607843137254,Race,Baku,Azerbaijan,2023
9070,2,Logan SARGEANT,Williams,16.0,5663.379,0.0,5663.379,207.0,212.0,328.0,187.95555555555555,199.45098039215685,317.03921568627453,Race,Baku,Azerbaijan,2023
9070,27,Nico HULKENBERG,Haas F1 Team,17.0,,0.0,,215.0,216.0,327.0,193.3673469387755,201.66,317.78,Race,Baku,Azerbaijan,2023
9070,77,Valtteri BOTTAS,Alfa Romeo,18.0,,0.0,,213.0,222.0,322.0,197.20833333333334,204.56,312.1,Race,Baku,Azerbaijan,2023
9070,21,Nyck DE VRIES,AlphaTauri,,,0.0,,192.0,205.0,324.0,183.4,198.0,322.22222222222223,Race,Baku,Azerbaijan,2023
9070,24,ZHOU Guanyu,Alfa Romeo,,,0.0,,211.0,214.0,324.0,186.6060606060606,198.63888888888889,311.1111111111111,Race,Baku,Azerbaijan,2023
9102,1,Max VERSTAPPEN,Red Bull Racing,1.0,5277.94,44.5,5233.44,283.0,285.0,310.0,262.9836065573771,265.74242424242425,302.13953488372096,Race,Barcelona,Spain,2023
9102,44,Lewis HAMILTON,Mercedes,2.0,5302.03,45.2,5256.83,282.0,290.0,331.0,270.6949152542373,270.969696969697,302.54,Race,Barcelona,Spain,2023
9102,63,George RUSSELL,Mercedes,3.0,5310.329,44.2,5266.129,279.0,287.0,331.0,265.2258064516129,269.27272727272725,303.63829787234044,Race,Barcelona,Spain,2023
9102,11,Sergio PEREZ,Red Bull Racing,4.0,5313.752,43.2,5270.552000000001,278.0,292.0,340.0,265.43333333333334,272.3333333333333,312.1730769230769,Race,Barcelona,Spain,2023
9102,55,Carlos SAINZ,Ferrari,5.0,5323.638,44.6,5279.038,277.0,288.0,327.0,268.1272727272727,276.7878787878788,304.9024390243902,Race,Barcelona,Spain,2023
9102,18,Lance STROLL,Aston Martin,6.0,5341.26,45.6,5295.66,276.0,286.0,322.0,265.7586206896552,270.030303030303,300.13461538461536,Race,Barcelona,Spain,2023
9102,14,Fernando ALONSO,Aston Martin,7.0,5342.067,45.3,5296.767,280.0,290.0,326.0,269.453125,277.8030303030303,305.32758620689657,Race,Barcelona,Spain,2023
9102,31,Esteban OCON,Alpine,8.0,5347.182,46.2,5300.982,275.0,288.0,328.0,266.0701754385965,270.42424242424244,305.70588235294116,Race,Barcelona,Spain,2023
9102,24,ZHOU Guanyu,Alfa Romeo,9.0,5349.818,46.2,5303.618,277.0,284.0,332.0,263.68333333333334,270.07575757575756,308.84,Race,Barcelona,Spain,2023
9102,10,Pierre GASLY,Alpine,10.0,5351.47,46.900000000000006,5304.570000000001,277.0,284.0,341.0,268.1525423728813,269.22727272727275,314.1636363636364,Race,Barcelona,Spain,2023
9102,16,Charles LECLERC,Ferrari,11.0,5352.359,44.7,5307.659000000001,281.0,296.0,342.0,271.3174603174603,279.2878787878788,314.2037037037037,Race,Barcelona,Spain,2023
9102,22,Yuki TSUNODA,AlphaTauri,12.0,5353.356,44.1,5309.255999999999,280.0,292.0,331.0,267.4590163934426,279.2878787878788,309.94,Race,Barcelona,Spain,2023
9102,81,Oscar PIASTRI,McLaren,13.0,,45.1,,280.0,298.0,333.0,269.08196721311475,269.2153846153846,304.92,Race,Barcelona,Spain,2023
9102,21,Nyck DE VRIES,AlphaTauri,14.0,,44.4,,277.0,289.0,335.0,266.9830508474576,273.16923076923075,311.6792452830189,Race,Barcelona,Spain,2023
9102,27,Nico HULKENBERG,Haas F1 Team,15.0,,69.8,,278.0,284.0,335.0,267.59322033898303,271.2923076923077,308.1020408163265,Race,Barcelona,Spain,2023
9102,23,Alexander ALBON,Williams,16.0,,46.7,,274.0,281.0,336.0,259.6,265.0615384615385,304.5,Race,Barcelona,Spain,2023
9102,4,Lando NORRIS,McLaren,17.0,,82.5,,272.0,277.0,330.0,261.5,265.38461538461536,303.6938775510204,Race,Barcelona,Spain,2023
9102,20,Kevin MAGNUSSEN,Haas F1 Team,18.0,,69.1,,282.0,292.0,346.0,269.5689655172414,275.75384615384615,313.38,Race,Barcelona,Spain,2023
9102,77,Valtteri BOTTAS,Alfa Romeo,19.0,,47.6,,273.0,288.0,336.0,257.5079365079365,267.53846153846155,303.3703703703704,Race,Barcelona,Spain,2023
9102,2,Logan SARGEANT,Williams,20.0,,46.3,,279.0,285.0,331.0,264.2142857142857,265.26153846153846,301.6458333333333,Race,Barcelona,Spain,2023
9133,1,Max VERSTAPPEN,Red Bull Racing,1.0,5888.634,43.0,5845.634,285.0,249.0,306.0,279.4107142857143,238.8,288.3207547169811,Race,Budapest,Hungary,2023
9133,4,Lando NORRIS,McLaren,2.0,5922.365,42.9,5879.465,286.0,248.0,305.0,280.6296296296296,241.1,289.54,Race,Budapest,Hungary,2023
9133,11,Sergio PEREZ,Red Bull Racing,3.0,5926.237,42.6,5883.637,286.0,245.0,313.0,279.42857142857144,237.9857142857143,295.6041666666667,Race,Budapest,Hungary,2023
9133,44,Lewis HAMILTON,Mercedes,4.0,5927.768,43.599999999999994,5884.168,283.0,244.0,311.0,271.4375,236.4857142857143,287.9433962264151,Race,Budapest,Hungary,2023
9133,81,Oscar PIASTRI,McLaren,5.0,5951.206,43.1,5908.106,283.0,245.0,304.0,279.3448275862069,240.3,289.76363636363635,Race,Budapest,Hungary,2023
9133,63,George RUSSELL,Mercedes,6.0,5954.459,43.400000000000006,5911.059,283.0,244.0,308.0,265.4927536231884,236.12857142857143,290.8965517241379,Race,Budapest,Hungary,2023
9133,16,Charles LECLERC,Ferrari,7.0,5958.951,49.8,5909.151,283.0,244.0,310.0,278.11475409836066,237.54285714285714,292.1276595744681,Race,Budapest,Hungary,2023
9133,55,Carlos SAINZ,Ferrari,8.0,5959.707,43.4,5916.307000000001,284.0,244.0,307.0,276.07547169811323,236.5142857142857,292.46,Race,Budapest,Hungary,2023
9133,14,Fernando ALONSO,Aston Martin,9.0,5964.343,47.0,5917.343,285.0,245.0,307.0,279.1320754716981,237.5142857142857,290.2608695652174,Race,Budapest,Hungary,2023
9133,18,Lance STROLL,Aston Martin,10.0,,44.3,,284.0,242.0,309.0,279.3636363636364,237.02898550724638,292.19565217391306,Race,Budapest,Hungary,2023
9133,23,Alexander ALBON,Williams,11.0,,43.7,,279.0,241.0,311.0,271.66037735849056,235.1014492753623,292.4782608695652,Race,Budapest,Hungary,2023
9133,77,Valtteri BOTTAS,Alfa Romeo,12.0,,45.3,,283.0,242.0,309.0,277.7543859649123,236.2608695652174,295.0925925925926,Race,Budapest,Hungary,2023
9133,3,Daniel RICCIARDO,AlphaTauri,13.0,,44.099999999999994,,283.0,241.0,306.0,277.9347826086956,233.56521739130434,289.47058823529414,Race,Budapest,Hungary,2023
9133,27,Nico HULKENBERG,Haas F1 Team,14.0,,44.8,,285.0,240.0,309.0,278.1864406779661,233.17391304347825,292.2352941176471,Race,Budapest,Hungary,2023
9133,22,Yuki TSUNODA,AlphaTauri,15.0,,47.2,,282.0,240.0,309.0,276.5,234.6231884057971,288.6470588235294,Race,Budapest,Hungary,2023
9133,24,ZHOU Guanyu,Alfa Romeo,16.0,,52.0,,282.0,242.0,309.0,276.75,236.1304347826087,291.68518518518516,Race,Budapest,Hungary,2023
9133,20,Kevin MAGNUSSEN,Haas F1 Team,17.0,,44.8,,283.0,242.0,310.0,275.41818181818184,234.05797101449275,293.1521739130435,Race,Budapest,Hungary,2023
9133,2,Logan SARGEANT,Williams,18.0,,46.1,,285.0,240.0,311.0,275.0175438596491,234.26865671641792,296.6470588235294,Race,Budapest,Hungary,2023
9133,31,Esteban OCON,Alpine,,,0.0,,259.0,208.0,275.0,235.5,208.0,272.0,Race,Budapest,Hungary,2023
9133,10,Pierre GASLY,Alpine,,,0.0,,187.0,183.0,262.0,187.0,183.0,262.0,Race,Budapest,Hungary,2023
7779,11,Sergio PEREZ,Red Bull Racing,1.0,4874.894,0.0,4874.894,292.0,312.0,334.0,275.6666666666667,293.5,304.72,Race,Jeddah,Saudi Arabia,2023
7779,1,Max VERSTAPPEN,Red Bull Racing,2.0,4880.249,0.0,4880.249,292.0,325.0,342.0,282.2368421052632,296.88,305.84,Race,Jeddah,Saudi Arabia,2023
7779,14,Fernando ALONSO,Aston Martin,3.0,4895.622,0.0,4895.622,289.0,320.0,320.0,275.0,292.8,294.18,Race,Jeddah,Saudi Arabia,2023
7779,63,George RUSSELL,Mercedes,4.0,4900.76,0.0,4900.76,288.0,310.0,314.0,275.34285714285716,295.36,295.48,Race,Jeddah,Saudi Arabia,2023
7779,44,Lewis HAMILTON,Mercedes,5.0,4905.959,0.0,4905.959,289.0,320.0,326.0,277.05405405405406,296.44,297.74,Race,Jeddah,Saudi Arabia,2023
7779,55,Carlos SAINZ,Ferrari,6.0,4910.77,0.0,4910.77,289.0,318.0,333.0,278.780487804878,291.72,299.2,Race,Jeddah,Saudi Arabia,2023
7779,16,Charles LECLERC,Ferrari,7.0,4918.056,0.0,4918.056,289.0,317.0,329.0,276.3666666666667,293.66,301.82,Race,Jeddah,Saudi Arabia,2023
7779,31,Esteban OCON,Alpine,8.0,4927.726,0.0,4927.726,286.0,319.0,316.0,276.7631578947368,290.42,291.68,Race,Jeddah,Saudi Arabia,2023
7779,10,Pierre GASLY,Alpine,9.0,4929.641,0.0,4929.641,283.0,318.0,320.0,275.5,290.58,291.68,Race,Jeddah,Saudi Arabia,2023
7779,20,Kevin MAGNUSSEN,Haas F1 Team,10.0,4939.72,0.0,4939.72,288.0,323.0,336.0,278.95454545454544,295.2,301.82,Race,Jeddah,Saudi Arabia,2023
7779,22,Yuki TSUNODA,AlphaTauri,11.0,4942.388,0.0,4942.388,285.0,316.0,321.0,278.09090909090907,291.32,299.3,Race,Jeddah,Saudi Arabia,2023
7779,27,Nico HULKENBERG,Haas F1 Team,12.0,4945.482,0.0,4945.482,288.0,323.0,336.0,280.6363636363636,295.28,302.44,Race,Jeddah,Saudi Arabia,2023
7779,24,ZHOU Guanyu,Alfa Romeo,13.0,4950.954,0.0,4950.954,287.0,318.0,329.0,277.55,295.12,303.16,Race,Jeddah,Saudi Arabia,2023
7779,21,Nyck DE VRIES,AlphaTauri,14.0,4952.372,0.0,4952.372,288.0,321.0,330.0,279.6585365853659,296.96,300.56,Race,Jeddah,Saudi Arabia,2023
7779,81,Oscar PIASTRI,McLaren,15.0,4959.915,0.0,4959.915,288.0,328.0,332.0,278.4848484848485,297.9,295.84,Race,Jeddah,Saudi Arabia,2023
7779,2,Logan SARGEANT,Williams,16.0,4961.187,0.0,4961.187,291.0,330.0,336.0,283.57575757575756,301.84,304.02,Race,Jeddah,Saudi Arabia,2023
7779,4,Lando NORRIS,McLaren,17.0,4961.339,0.0,4961.339,288.0,324.0,330.0,281.54285714285714,299.52,303.8,Race,Jeddah,Saudi Arabia,2023
7779,77,Valtteri BOTTAS,Alfa Romeo,18.0,,0.0,,289.0,315.0,321.0,273.8536585365854,286.40816326530614,295.3061224489796,Race,Jeddah,Saudi Arabia,2023
7779,23,Alexander ALBON,Williams,,,0.0,,291.0,326.0,334.0,274.7142857142857,284.6666666666667,298.9259259259259,Race,Jeddah,Saudi Arabia,2023
7779,18,Lance STROLL,Aston Martin,,,0.0,,288.0,316.0,328.0,280.14285714285717,302.75,303.5625,Race,Jeddah,Saudi Arabia,2023
9189,1,Max VERSTAPPEN,Red Bull Racing,1.0,5348.289,47.900000000000006,5300.389,187.0,213.0,317.0,174.34285714285716,202.1,274.74,Race,Las Vegas,United States,2023
9189,16,Charles LECLERC,Ferrari,2.0,5350.359,22.5,5327.859,184.0,214.0,350.0,172.61363636363637,202.68,289.52,Race,Las Vegas,United States,2023
9189,11,Sergio PEREZ,Red Bull Racing,3.0,5350.53,55.0,5295.53,186.0,213.0,340.0,174.075,200.32,288.46,Race,Las Vegas,United States,2023
9189,31,Esteban OCON,Alpine,4.0,5366.954,21.7,5345.254,186.0,212.0,337.0,175.275,199.1,281.8,Race,Las Vegas,United States,2023
9189,18,Lance STROLL,Aston Martin,5.0,5368.356,44.7,5323.656,185.0,213.0,327.0,174.39473684210526,201.76,282.9,Race,Las Vegas,United States,2023
9189,55,Carlos SAINZ,Ferrari,6.0,5369.123,43.8,5325.322999999999,183.0,211.0,327.0,170.3095238095238,200.98,281.8,Race,Las Vegas,United States,2023
9189,44,Lewis HAMILTON,Mercedes,7.0,5370.044,47.5,5322.544,186.0,214.0,325.0,175.95744680851064,201.7,281.96,Race,Las Vegas,United States,2023
9189,63,George RUSSELL,Mercedes,8.0,5371.38,43.099999999999994,5328.28,186.0,215.0,343.0,173.37209302325581,202.52,286.34,Race,Las Vegas,United States,2023
9189,14,Fernando ALONSO,Aston Martin,9.0,5374.253,52.5,5321.753,185.0,213.0,342.0,172.5,200.26,288.74,Race,Las Vegas,United States,2023
9189,81,Oscar PIASTRI,McLaren,10.0,5377.785,43.7,5334.085,185.0,214.0,339.0,173.48888888888888,198.56,286.68,Race,Las Vegas,United States,2023
9189,10,Pierre GASLY,Alpine,11.0,5382.559,22.2,5360.359,184.0,211.0,330.0,173.5121951219512,201.22,282.66,Race,Las Vegas,United States,2023
9189,23,Alexander ALBON,Williams,12.0,5391.687,21.2,5370.487,183.0,210.0,335.0,171.1904761904762,199.0,278.64,Race,Las Vegas,United States,2023
9189,20,Kevin MAGNUSSEN,Haas F1 Team,13.0,5393.114,43.400000000000006,5349.714,185.0,210.0,331.0,168.80434782608697,199.66,287.0,Race,Las Vegas,United States,2023
9189,3,Daniel RICCIARDO,AlphaTauri,14.0,5396.814,22.2,5374.6140000000005,188.0,211.0,329.0,174.5,197.74,271.5,Race,Las Vegas,United States,2023
9189,24,ZHOU Guanyu,Alfa Romeo,15.0,5398.451,22.1,5376.351,183.0,212.0,322.0,174.47826086956522,199.4,263.4,Race,Las Vegas,United States,2023
9189,2,Logan SARGEANT,Williams,16.0,5399.171,21.3,5377.871,180.0,210.0,329.0,169.9047619047619,198.7,280.28,Race,Las Vegas,United States,2023
9189,77,Valtteri BOTTAS,Alfa Romeo,17.0,5433.639,65.4,5368.2390000000005,181.0,209.0,316.0,164.6595744680851,195.58,285.42,Race,Las Vegas,United States,2023
9189,22,Yuki TSUNODA,AlphaTauri,18.0,,41.400000000000006,,185.0,212.0,318.0,168.71794871794873,194.82978723404256,271.72340425531917,Race,Las Vegas,United States,2023
9189,27,Nico HULKENBERG,Haas F1 Team,19.0,,47.5,,184.0,212.0,319.0,172.77777777777777,199.7391304347826,272.7173913043478,Race,Las Vegas,United States,2023
9189,4,Lando NORRIS,McLaren,,,0.0,,170.0,203.0,251.0,167.66666666666666,190.0,237.5,Race,Las Vegas,United States,2023
9221,1,Max VERSTAPPEN,Red Bull Racing,1.0,5259.168,86.0,5173.168,243.0,284.0,327.0,229.76,271.4736842105263,285.40816326530614,Race,Lusail,Qatar,2023
9221,81,Oscar PIASTRI,McLaren,2.0,5264.001,84.0,5180.001,243.0,281.0,333.0,232.93023255813952,271.17543859649123,291.5208333333333,Race,Lusail,Qatar,2023
9221,4,Lando NORRIS,McLaren,3.0,5265.137,83.30000000000001,5181.8369999999995,240.0,282.0,332.0,225.27450980392157,270.87719298245617,293.51162790697674,Race,Lusail,Qatar,2023
9221,63,George RUSSELL,Mercedes,4.0,5293.287,124.5,5168.787,243.0,283.0,330.0,230.80392156862746,268.719298245614,292.36,Race,Lusail,Qatar,2023
9221,16,Charles LECLERC,Ferrari,5.0,5298.144,83.5,5214.644,244.0,287.0,334.0,226.8235294117647,276.2105263157895,291.3018867924528,Race,Lusail,Qatar,2023
9221,14,Fernando ALONSO,Aston Martin,6.0,5308.2,85.0,5223.2,241.0,282.0,342.0,229.06,273.3859649122807,290.9024390243902,Race,Lusail,Qatar,2023
9221,31,Esteban OCON,Alpine,7.0,5321.558,86.9,5234.658,237.0,285.0,331.0,221.95454545454547,273.7719298245614,283.28,Race,Lusail,Qatar,2023
9221,77,Valtteri BOTTAS,Alfa Romeo,8.0,5325.731,88.1,5237.630999999999,235.0,284.0,327.0,221.47058823529412,269.5438596491228,284.36538461538464,Race,Lusail,Qatar,2023
9221,24,ZHOU Guanyu,Alfa Romeo,9.0,5335.295,86.5,5248.795,237.0,285.0,329.0,222.5625,266.6842105263158,290.8545454545455,Race,Lusail,Qatar,2023
9221,11,Sergio PEREZ,Red Bull Racing,10.0,5339.349,94.1,5245.249,237.0,284.0,340.0,225.0,267.3333333333333,293.5,Race,Lusail,Qatar,2023
9221,18,Lance STROLL,Aston Martin,11.0,5340.82,86.2,5254.62,237.0,283.0,335.0,223.85106382978722,268.17543859649123,299.6530612244898,Race,Lusail,Qatar,2023
9221,10,Pierre GASLY,Alpine,12.0,5341.468,93.3,5248.168,238.0,285.0,330.0,223.0204081632653,271.43859649122805,288.3703703703704,Race,Lusail,Qatar,2023
9221,23,Alexander ALBON,Williams,13.0,5350.182,86.8,5263.382,243.0,285.0,332.0,222.4255319148936,268.17543859649123,294.6190476190476,Race,Lusail,Qatar,2023
9221,20,Kevin MAGNUSSEN,Haas F1 Team,14.0,,87.9,,238.0,285.0,323.0,223.46,267.5357142857143,289.7843137254902,Race,Lusail,Qatar,2023
9221,22,Yuki TSUNODA,AlphaTauri,15.0,,83.0,,238.0,283.0,325.0,223.02,263.60714285714283,288.2173913043478,Race,Lusail,Qatar,2023
9221,27,Nico HULKENBERG,Haas F1 Team,16.0,,96.5,,240.0,284.0,333.0,221.87755102040816,271.125,287.0612244897959,Race,Lusail,Qatar,2023
9221,40,Liam LAWSON,AlphaTauri,17.0,,86.0,,236.0,280.0,329.0,223.46808510638297,264.0892857142857,289.0625,Race,Lusail,Qatar,2023
9221,44,Lewis HAMILTON,Mercedes,,,0.0,,,,240.0,,,240.0,Race,Lusail,Qatar,2023
9221,2,Logan SARGEANT,Williams,,,58.7,,236.0,282.0,330.0,220.91666666666666,260.4,292.61764705882354,Race,Lusail,Qatar,2023
9165,55,Carlos SAINZ,Ferrari,1.0,6397.418,29.4,6368.018,295.0,265.0,286.0,277.4074074074074,253.8709677419355,274.54,Race,Marina Bay,Singapore,2023
9165,4,Lando NORRIS,McLaren,2.0,6398.23,29.4,6368.83,313.0,278.0,302.0,279.7719298245614,261.7903225806452,282.03636363636366,Race,Marina Bay,Singapore,2023
9165,44,Lewis HAMILTON,Mercedes,3.0,6398.687,66.1,6332.5869999999995,321.0,281.0,306.0,282.21311475409834,256.03225806451616,279.2456140350877,Race,Marina Bay,Singapore,2023
9165,16,Charles LECLERC,Ferrari,4.0,6418.595,32.8,6385.795,314.0,267.0,299.0,282.54716981132077,254.79032258064515,272.7708333333333,Race,Marina Bay,Singapore,2023
9165,1,Max VERSTAPPEN,Red Bull Racing,5.0,6418.859,29.6,6389.259,316.0,280.0,299.0,286.98148148148147,253.93548387096774,274.66037735849056,Race,Marina Bay,Singapore,2023
9165,10,Pierre GASLY,Alpine,6.0,6435.859,31.8,6404.059,315.0,271.0,296.0,288.26,259.96774193548384,282.27659574468083,Race,Marina Bay,Singapore,2023
9165,81,Oscar PIASTRI,McLaren,7.0,6438.897,29.3,6409.597,323.0,283.0,300.0,287.65384615384613,264.11290322580646,283.50943396226415,Race,Marina Bay,Singapore,2023
9165,11,Sergio PEREZ,Red Bull Racing,8.0,6456.952,28.9,6428.052000000001,315.0,282.0,303.0,291.3703703703704,256.6290322580645,281.7173913043478,Race,Marina Bay,Singapore,2023
9165,40,Liam LAWSON,AlphaTauri,9.0,6463.336,32.3,6431.036,305.0,270.0,292.0,279.9811320754717,253.8548387096774,276.1020408163265,Race,Marina Bay,Singapore,2023
9165,20,Kevin MAGNUSSEN,Haas F1 Team,10.0,6469.534,64.4,6405.134,313.0,277.0,303.0,289.7692307692308,259.4032258064516,284.57142857142856,Race,Marina Bay,Singapore,2023
9165,23,Alexander ALBON,Williams,11.0,6470.835,59.8,6411.035,320.0,278.0,303.0,294.6949152542373,261.56451612903226,286.9423076923077,Race,Marina Bay,Singapore,2023
9165,24,ZHOU Guanyu,Alfa Romeo,12.0,6481.067,60.6,6420.467,313.0,279.0,296.0,286.03921568627453,256.2258064516129,279.5652173913044,Race,Marina Bay,Singapore,2023
9165,27,Nico HULKENBERG,Haas F1 Team,13.0,6483.619,35.4,6448.219,322.0,276.0,300.0,294.2962962962963,258.2258064516129,285.5098039215686,Race,Marina Bay,Singapore,2023
9165,2,Logan SARGEANT,Williams,14.0,6484.307,94.5,6389.807,314.0,276.0,297.0,289.84,260.741935483871,284.20588235294116,Race,Marina Bay,Singapore,2023
9165,14,Fernando ALONSO,Aston Martin,15.0,6485.021,83.30000000000001,6401.721,316.0,280.0,303.0,288.0689655172414,261.758064516129,283.42,Race,Marina Bay,Singapore,2023
9165,63,George RUSSELL,Mercedes,16.0,,59.9,,316.0,283.0,301.0,280.6393442622951,257.8196721311475,281.3333333333333,Race,Marina Bay,Singapore,2023
9165,31,Esteban OCON,Alpine,,,29.7,,323.0,270.0,295.0,288.77142857142854,257.3809523809524,277.2758620689655,Race,Marina Bay,Singapore,2023
9165,77,Valtteri BOTTAS,Alfa Romeo,,,30.4,,295.0,264.0,283.0,279.04651162790697,250.69230769230768,272.219512195122,Race,Marina Bay,Singapore,2023
9165,22,Yuki TSUNODA,AlphaTauri,,,0.0,,277.0,108.0,236.0,277.0,108.0,236.0,Race,Marina Bay,Singapore,2023
7787,1,Max VERSTAPPEN,Red Bull Racing,1.0,9158.371,0.0,9158.371,284.0,322.0,306.0,252.18367346938774,268.8448275862069,267.37254901960785,Race,Melbourne,Australia,2023
7787,44,Lewis HAMILTON,Mercedes,2.0,9158.55,0.0,9158.55,279.0,306.0,309.0,253.66071428571428,269.2586206896552,268.8867924528302,Race,Melbourne,Australia,2023
7787,14,Fernando ALONSO,Aston Martin,3.0,9159.14,0.0,9159.14,279.0,310.0,311.0,252.49019607843138,271.5344827586207,271.05555555555554,Race,Melbourne,Australia,2023
7787,18,Lance STROLL,Aston Martin,4.0,9161.453,0.0,9161.453,281.0,323.0,319.0,251.07692307692307,277.62068965517244,281.92452830188677,Race,Melbourne,Australia,2023
7787,11,Sergio PEREZ,Red Bull Racing,5.0,9161.691,0.0,9161.691,286.0,339.0,317.0,252.1086956521739,282.7758620689655,278.08,Race,Melbourne,Australia,2023
7787,4,Lando NORRIS,McLaren,6.0,9162.072,0.0,9162.072,277.0,322.0,318.0,251.05357142857142,277.17241379310343,278.8363636363636,Race,Melbourne,Australia,2023
7787,27,Nico HULKENBERG,Haas F1 Team,7.0,9163.31,0.0,9163.31,285.0,322.0,314.0,250.33928571428572,280.98275862068965,277.24074074074076,Race,Melbourne,Australia,2023
7787,81,Oscar PIASTRI,McLaren,8.0,9163.753,0.0,9163.753,278.0,324.0,325.0,246.16666666666666,273.0344827586207,279.52830188679246,Race,Melbourne,Australia,2023
7787,24,ZHOU Guanyu,Alfa Romeo,9.0,9164.084,0.0,9164.084,280.0,322.0,315.0,246.52083333333334,279.08620689655174,277.01851851851853,Race,Melbourne,Australia,2023
7787,22,Yuki TSUNODA,AlphaTauri,10.0,9164.423,0.0,9164.423,279.0,314.0,318.0,241.47826086956522,274.2931034482759,280.05357142857144,Race,Melbourne,Australia,2023
7787,77,Valtteri BOTTAS,Alfa Romeo,11.0,9164.884,0.0,9164.884,275.0,323.0,310.0,247.3265306122449,271.63793103448273,271.22,Race,Melbourne,Australia,2023
7787,55,Carlos SAINZ,Ferrari,12.0,9164.965,0.0,9164.965,283.0,322.0,321.0,251.9814814814815,275.51724137931035,279.531914893617,Race,Melbourne,Australia,2023
7787,10,Pierre GASLY,Alpine,13.0,,0.0,,285.0,325.0,322.0,253.46511627906978,287.48214285714283,282.4186046511628,Race,Melbourne,Australia,2023
7787,31,Esteban OCON,Alpine,14.0,,0.0,,280.0,336.0,311.0,245.43478260869566,282.05357142857144,278.1190476190476,Race,Melbourne,Australia,2023
7787,21,Nyck DE VRIES,AlphaTauri,15.0,,0.0,,277.0,325.0,310.0,250.49019607843138,278.8392857142857,273.94444444444446,Race,Melbourne,Australia,2023
7787,2,Logan SARGEANT,Williams,16.0,,0.0,,285.0,332.0,325.0,263.62264150943395,291.80357142857144,284.811320754717,Race,Melbourne,Australia,2023
7787,20,Kevin MAGNUSSEN,Haas F1 Team,17.0,,0.0,,279.0,327.0,316.0,260.06382978723406,289.7307692307692,284.2826086956522,Race,Melbourne,Australia,2023
7787,23,Alexander ALBON,Williams,,,0.0,,280.0,306.0,301.0,252.85714285714286,257.3333333333333,243.42857142857142,Race,Melbourne,Australia,2023
7787,16,Charles LECLERC,Ferrari,,,0.0,,,,243.0,,,243.0,Race,Melbourne,Australia,2023
7787,63,George RUSSELL,Mercedes,,,0.0,,279.0,320.0,300.0,238.625,262.94117647058823,259.94117647058823,Race,Melbourne,Australia,2023
9181,1,Max VERSTAPPEN,Red Bull Racing,1.0,7350.814,1253.8,6097.014,298.0,291.0,354.0,281.53968253968253,276.7887323943662,319.9019607843137,Race,Mexico City,Mexico,2023
9181,44,Lewis HAMILTON,Mercedes,2.0,7364.689,1235.1000000000001,6129.589,297.0,288.0,349.0,273.02985074626866,274.7887323943662,317.04918032786884,Race,Mexico City,Mexico,2023
9181,16,Charles LECLERC,Ferrari,3.0,7373.938,1232.7,6141.238,295.0,284.0,330.0,281.07142857142856,275.4788732394366,318.2068965517241,Race,Mexico City,Mexico,2023
9181,55,Carlos SAINZ,Ferrari,4.0,7377.968,1237.4,6140.567999999999,301.0,286.0,333.0,284.4032258064516,275.49295774647885,318.54716981132077,Race,Mexico City,Mexico,2023
9181,4,Lando NORRIS,McLaren,5.0,7384.08,1272.2,6111.88,311.0,291.0,360.0,272.8955223880597,277.53521126760563,327.39130434782606,Race,Mexico City,Mexico,2023
9181,63,George RUSSELL,Mercedes,6.0,7391.834,1240.5,6151.334,296.0,291.0,350.0,269.9714285714286,276.6901408450704,323.0,Race,Mexico City,Mexico,2023
9181,3,Daniel RICCIARDO,AlphaTauri,7.0,7392.384,1239.5,6152.884,307.0,291.0,348.0,279.6166666666667,276.943661971831,321.0,Race,Mexico City,Mexico,2023
9181,81,Oscar PIASTRI,McLaren,8.0,7393.918,1242.7,6151.218,309.0,287.0,344.0,276.38461538461536,275.67605633802816,319.8333333333333,Race,Mexico City,Mexico,2023
9181,23,Alexander ALBON,Williams,9.0,7399.387,1251.5,6147.887,302.0,291.0,353.0,280.6764705882353,278.59154929577466,327.67241379310343,Race,Mexico City,Mexico,2023
9181,31,Esteban OCON,Alpine,10.0,7413.693,1226.2,6187.493,305.0,288.0,351.0,280.23880597014926,280.50704225352115,334.0344827586207,Race,Mexico City,Mexico,2023
9181,10,Pierre GASLY,Alpine,11.0,7417.022,1248.1999999999998,6168.822,302.0,289.0,352.0,284.54545454545456,279.28169014084506,329.3484848484849,Race,Mexico City,Mexico,2023
9181,22,Yuki TSUNODA,AlphaTauri,12.0,7429.796,1248.1,6181.696,311.0,295.0,355.0,280.90909090909093,278.28169014084506,328.8688524590164,Race,Mexico City,Mexico,2023
9181,27,Nico HULKENBERG,Haas F1 Team,13.0,7431.123,1242.8999999999999,6188.223,304.0,291.0,359.0,279.4516129032258,277.1830985915493,322.95238095238096,Race,Mexico City,Mexico,2023
9181,24,ZHOU Guanyu,Alfa Romeo,14.0,7432.49,1252.3,6180.19,299.0,288.0,353.0,279.8142857142857,278.11267605633805,321.8392857142857,Race,Mexico City,Mexico,2023
9181,77,Valtteri BOTTAS,Alfa Romeo,15.0,7436.411,1252.8999999999999,6183.511,311.0,295.0,361.0,280.5,283.84507042253523,333.3382352941176,Race,Mexico City,Mexico,2023
9181,2,Logan SARGEANT,Williams,16.0,,1251.6000000000001,,308.0,291.0,360.0,281.203125,279.3380281690141,332.80645161290323,Race,Mexico City,Mexico,2023
9181,18,Lance STROLL,Aston Martin,17.0,,1252.1,,316.0,291.0,353.0,274.41269841269843,279.24242424242425,328.8703703703704,Race,Mexico City,Mexico,2023
9181,14,Fernando ALONSO,Aston Martin,,,1252.6,,304.0,288.0,351.0,274.7826086956522,277.29787234042556,321.4634146341463,Race,Mexico City,Mexico,2023
9181,20,Kevin MAGNUSSEN,Haas F1 Team,,,23.6,,300.0,289.0,357.0,286.60714285714283,281.5483870967742,334.06451612903226,Race,Mexico City,Mexico,2023
9181,11,Sergio PEREZ,Red Bull Racing,,,0.0,,251.0,270.0,312.0,251.0,270.0,312.0,Race,Mexico City,Mexico,2023
9078,1,Max VERSTAPPEN,Red Bull Racing,1.0,5258.241,0.0,5258.241,218.0,191.0,341.0,213.82051282051282,187.57894736842104,313.7543859649123,Race,Miami,United States,2023
9078,11,Sergio PEREZ,Red Bull Racing,2.0,5263.625,0.0,5263.625,216.0,189.0,324.0,211.91666666666666,185.96491228070175,309.87719298245617,Race,Miami,United States,2023
9078,14,Fernando ALONSO,Aston Martin,3.0,5284.546,0.0,5284.546,216.0,189.0,326.0,212.10416666666666,186.75438596491227,313.7368421052632,Race,Miami,United States,2023
9078,63,George RUSSELL,Mercedes,4.0,5291.47,0.0,5291.47,217.0,189.0,335.0,212.3921568627451,186.33333333333334,316.9824561403509,Race,Miami,United States,2023
9078,55,Carlos SAINZ,Ferrari,5.0,5300.752,0.0,5300.752,218.0,191.0,337.0,213.27450980392157,186.98245614035088,317.7368421052632,Race,Miami,United States,2023
9078,44,Lewis HAMILTON,Mercedes,6.0,5309.49,0.0,5309.49,216.0,191.0,337.0,211.42,186.75438596491227,316.5263157894737,Race,Miami,United States,2023
9078,16,Charles LECLERC,Ferrari,7.0,5311.229,0.0,5311.229,217.0,188.0,338.0,213.73333333333332,185.6140350877193,316.49122807017545,Race,Miami,United States,2023
9078,10,Pierre GASLY,Alpine,8.0,5313.911,0.0,5313.911,217.0,189.0,333.0,213.3695652173913,186.26315789473685,312.2631578947368,Race,Miami,United States,2023
9078,31,Esteban OCON,Alpine,9.0,5316.364,0.0,5316.364,217.0,189.0,335.0,213.64444444444445,185.91228070175438,316.9298245614035,Race,Miami,United States,2023
9078,20,Kevin MAGNUSSEN,Haas F1 Team,10.0,5321.186,0.0,5321.186,216.0,188.0,334.0,211.26,184.82456140350877,317.6842105263158,Race,Miami,United States,2023
9078,22,Yuki TSUNODA,AlphaTauri,11.0,5322.55,0.0,5322.55,217.0,191.0,342.0,213.02325581395348,186.28070175438597,321.12280701754383,Race,Miami,United States,2023
9078,18,Lance STROLL,Aston Martin,12.0,5322.995,0.0,5322.995,216.0,191.0,348.0,210.5909090909091,186.08771929824562,321.7719298245614,Race,Miami,United States,2023
9078,77,Valtteri BOTTAS,Alfa Romeo,13.0,5329.878,0.0,5329.878,218.0,190.0,336.0,215.0212765957447,187.08771929824562,312.2105263157895,Race,Miami,United States,2023
9078,23,Alexander ALBON,Williams,14.0,5331.102,0.0,5331.102,216.0,186.0,332.0,211.07692307692307,184.52631578947367,319.1929824561403,Race,Miami,United States,2023
9078,27,Nico HULKENBERG,Haas F1 Team,15.0,5333.191,0.0,5333.191,219.0,190.0,338.0,212.22,185.80701754385964,320.56140350877195,Race,Miami,United States,2023
9078,24,ZHOU Guanyu,Alfa Romeo,16.0,5336.681,0.0,5336.681,217.0,188.0,344.0,211.6888888888889,185.52631578947367,314.87719298245617,Race,Miami,United States,2023
9078,4,Lando NORRIS,McLaren,17.0,5345.958,0.0,5345.958,215.0,187.0,332.0,210.30612244897958,184.91228070175438,305.5438596491228,Race,Miami,United States,2023
9078,21,Nyck DE VRIES,AlphaTauri,18.0,5347.19,0.0,5347.19,217.0,188.0,321.0,212.07142857142858,185.2280701754386,311.6842105263158,Race,Miami,United States,2023
9078,81,Oscar PIASTRI,McLaren,19.0,,0.0,,216.0,189.0,328.0,211.86046511627907,185.625,298.80357142857144,Race,Miami,United States,2023
9078,2,Logan SARGEANT,Williams,20.0,,0.0,,215.0,187.0,323.0,211.25,184.375,314.23214285714283,Race,Miami,United States,2023
9094,1,Max VERSTAPPEN,Red Bull Racing,1.0,6531.98,0.0,6531.98,206.0,197.0,271.0,178.34285714285716,174.92307692307693,263.87179487179486,Race,Monaco,Monaco,2023
9094,14,Fernando ALONSO,Aston Martin,2.0,6559.901,0.0,6559.901,212.0,192.0,282.0,179.2089552238806,175.10256410256412,273.6923076923077,Race,Monaco,Monaco,2023
9094,31,Esteban OCON,Alpine,3.0,6568.97,0.0,6568.97,199.0,195.0,283.0,170.78378378378378,175.43589743589743,270.96153846153845,Race,Monaco,Monaco,2023
9094,44,Lewis HAMILTON,Mercedes,4.0,6571.042,0.0,6571.042,209.0,194.0,283.0,172.81690140845072,177.19230769230768,273.34615384615387,Race,Monaco,Monaco,2023
9094,63,George RUSSELL,Mercedes,5.0,6588.264,0.0,6588.264,202.0,196.0,286.0,173.64285714285714,173.78205128205127,275.5897435897436,Race,Monaco,Monaco,2023
9094,16,Charles LECLERC,Ferrari,6.0,6593.87,0.0,6593.87,209.0,192.0,283.0,181.86111111111111,172.34615384615384,273.03846153846155,Race,Monaco,Monaco,2023
9094,10,Pierre GASLY,Alpine,7.0,6594.342,0.0,6594.342,210.0,193.0,284.0,178.4558823529412,174.78205128205127,275.1666666666667,Race,Monaco,Monaco,2023
9094,55,Carlos SAINZ,Ferrari,8.0,6595.371,0.0,6595.371,206.0,194.0,288.0,180.07142857142858,173.93589743589743,278.20512820512823,Race,Monaco,Monaco,2023
9094,4,Lando NORRIS,McLaren,9.0,,0.0,,207.0,193.0,282.0,178.12857142857143,175.54545454545453,275.5844155844156,Race,Monaco,Monaco,2023
9094,81,Oscar PIASTRI,McLaren,10.0,,0.0,,204.0,190.0,283.0,175.36764705882354,171.24675324675326,275.72727272727275,Race,Monaco,Monaco,2023
9094,77,Valtteri BOTTAS,Alfa Romeo,11.0,,0.0,,204.0,189.0,286.0,177.95833333333334,172.1038961038961,273.87012987012986,Race,Monaco,Monaco,2023
9094,21,Nyck DE VRIES,AlphaTauri,12.0,,0.0,,205.0,194.0,283.0,173.72222222222223,173.37662337662337,273.90909090909093,Race,Monaco,Monaco,2023
9094,24,ZHOU Guanyu,Alfa Romeo,13.0,,0.0,,203.0,193.0,285.0,173.35135135135135,173.72727272727272,275.7792207792208,Race,Monaco,Monaco,2023
9094,23,Alexander ALBON,Williams,14.0,,0.0,,201.0,190.0,287.0,169.15068493150685,171.64935064935065,275.6753246753247,Race,Monaco,Monaco,2023
9094,22,Yuki TSUNODA,AlphaTauri,15.0,,0.0,,205.0,195.0,279.0,175.14084507042253,174.43421052631578,263.11842105263156,Race,Monaco,Monaco,2023
9094,11,Sergio PEREZ,Red Bull Racing,16.0,,0.0,,202.0,196.0,286.0,167.2,172.80263157894737,268.32894736842104,Race,Monaco,Monaco,2023
9094,27,Nico HULKENBERG,Haas F1 Team,17.0,,0.0,,205.0,192.0,286.0,174.95454545454547,170.97368421052633,274.88157894736844,Race,Monaco,Monaco,2023
9094,2,Logan SARGEANT,Williams,18.0,,0.0,,201.0,189.0,286.0,169.93055555555554,170.89473684210526,268.2631578947368,Race,Monaco,Monaco,2023
9094,20,Kevin MAGNUSSEN,Haas F1 Team,19.0,,0.0,,204.0,193.0,285.0,176.28125,170.92957746478874,272.61971830985914,Race,Monaco,Monaco,2023
9094,18,Lance STROLL,Aston Martin,,,0.0,,204.0,189.0,286.0,186.66037735849056,182.71698113207546,276.79245283018867,Race,Monaco,Monaco,2023
9110,1,Max VERSTAPPEN,Red Bull Racing,1.0,5638.348,47.5,5590.848,258.0,280.0,330.0,238.74,265.95714285714286,295.51428571428573,Race,Montréal,Canada,2023
9110,14,Fernando ALONSO,Aston Martin,2.0,5647.918,47.9,5600.018,259.0,281.0,327.0,243.135593220339,268.74285714285713,295.85714285714283,Race,Montréal,Canada,2023
9110,44,Lewis HAMILTON,Mercedes,3.0,5652.516,48.0,5604.516,259.0,282.0,323.0,242.21875,271.9,295.64285714285717,Race,Montréal,Canada,2023
9110,16,Charles LECLERC,Ferrari,4.0,5656.996,24.3,5632.696,261.0,282.0,339.0,243.82142857142858,269.75714285714287,303.14285714285717,Race,Montréal,Canada,2023
9110,55,Carlos SAINZ,Ferrari,5.0,5659.888,24.1,5635.788,260.0,282.0,337.0,244.79661016949152,270.5285714285714,306.62857142857143,Race,Montréal,Canada,2023
9110,11,Sergio PEREZ,Red Bull Racing,6.0,5689.376,46.4,5642.976000000001,257.0,281.0,336.0,239.66037735849056,266.27142857142854,302.6,Race,Montréal,Canada,2023
9110,23,Alexander ALBON,Williams,7.0,5699.161,25.0,5674.161,257.0,284.0,343.0,246.7058823529412,275.9714285714286,309.2857142857143,Race,Montréal,Canada,2023
9110,31,Esteban OCON,Alpine,8.0,5700.04,48.0,5652.04,260.0,282.0,324.0,239.9111111111111,264.5285714285714,295.92857142857144,Race,Montréal,Canada,2023
9110,18,Lance STROLL,Aston Martin,9.0,5702.75,47.5,5655.25,260.0,285.0,339.0,244.6,275.07142857142856,306.6142857142857,Race,Montréal,Canada,2023
9110,77,Valtteri BOTTAS,Alfa Romeo,10.0,5702.78,24.0,5678.78,259.0,282.0,333.0,245.03846153846155,268.3857142857143,303.1714285714286,Race,Montréal,Canada,2023
9110,81,Oscar PIASTRI,McLaren,11.0,5703.449,48.2,5655.249,253.0,284.0,333.0,237.78333333333333,272.6,301.8285714285714,Race,Montréal,Canada,2023
9110,10,Pierre GASLY,Alpine,12.0,5703.597,51.6,5651.996999999999,255.0,282.0,336.0,242.34545454545454,267.8,307.01428571428573,Race,Montréal,Canada,2023
9110,4,Lando NORRIS,McLaren,13.0,5706.711,49.3,5657.411,260.0,286.0,334.0,244.98461538461538,274.0,309.15714285714284,Race,Montréal,Canada,2023
9110,22,Yuki TSUNODA,AlphaTauri,14.0,5711.771,51.1,5660.670999999999,259.0,283.0,334.0,247.4375,274.77142857142854,302.1857142857143,Race,Montréal,Canada,2023
9110,27,Nico HULKENBERG,Haas F1 Team,15.0,,49.0,,259.0,282.0,335.0,243.43333333333334,272.17391304347825,301.0289855072464,Race,Montréal,Canada,2023
9110,24,ZHOU Guanyu,Alfa Romeo,16.0,,51.6,,259.0,283.0,340.0,243.7,271.2608695652174,306.30434782608694,Race,Montréal,Canada,2023
9110,20,Kevin MAGNUSSEN,Haas F1 Team,17.0,,49.4,,259.0,282.0,337.0,245.14814814814815,265.9130434782609,304.84057971014494,Race,Montréal,Canada,2023
9110,21,Nyck DE VRIES,AlphaTauri,18.0,,48.599999999999994,,259.0,284.0,338.0,244.30769230769232,274.95652173913044,309.463768115942,Race,Montréal,Canada,2023
9110,63,George RUSSELL,Mercedes,,,88.9,,259.0,284.0,334.0,245.72,269.537037037037,303.2037037037037,Race,Montréal,Canada,2023
9110,2,Logan SARGEANT,Williams,,,0.0,,248.0,281.0,334.0,235.33333333333334,280.5,327.8333333333333,Race,Montréal,Canada,2023
9157,1,Max VERSTAPPEN,Red Bull Racing,1.0,4421.143,24.2,4396.943,320.0,322.0,347.0,310.9736842105263,313.84313725490193,312.9574468085106,Race,Monza,Italy,2023
9157,11,Sergio PEREZ,Red Bull Racing,2.0,4427.207,23.8,4403.407,330.0,336.0,354.0,314.0204081632653,320.5686274509804,322.83673469387753,Race,Monza,Italy,2023
9157,55,Carlos SAINZ,Ferrari,3.0,4432.336,25.1,4407.236,327.0,341.0,336.0,310.83720930232556,309.52941176470586,317.4047619047619,Race,Monza,Italy,2023
9157,16,Charles LECLERC,Ferrari,4.0,4432.52,23.9,4408.620000000001,333.0,342.0,354.0,315.16279069767444,322.8627450980392,326.7608695652174,Race,Monza,Italy,2023
9157,63,George RUSSELL,Mercedes,5.0,4444.171,24.2,4419.9710000000005,328.0,328.0,334.0,313.27659574468083,313.62745098039215,316.3636363636364,Race,Monza,Italy,2023
9157,44,Lewis HAMILTON,Mercedes,6.0,4463.822,24.2,4439.622,327.0,337.0,359.0,313.8979591836735,316.2549019607843,318.5531914893617,Race,Monza,Italy,2023
9157,23,Alexander ALBON,Williams,7.0,4466.249,24.5,4441.749,333.0,318.0,334.0,315.875,313.5686274509804,320.4468085106383,Race,Monza,Italy,2023
9157,4,Lando NORRIS,McLaren,8.0,4466.592,23.7,4442.892,324.0,330.0,346.0,311.8888888888889,317.5098039215686,319.3636363636364,Race,Monza,Italy,2023
9157,14,Fernando ALONSO,Aston Martin,9.0,4467.437,24.7,4442.737,333.0,332.0,351.0,317.3333333333333,316.84313725490193,321.2083333333333,Race,Monza,Italy,2023
9157,77,Valtteri BOTTAS,Alfa Romeo,10.0,4485.199,24.6,4460.598999999999,330.0,334.0,351.0,311.9,317.32,320.9767441860465,Race,Monza,Italy,2023
9157,40,Liam LAWSON,AlphaTauri,11.0,4491.781,48.4,4443.381,323.0,335.0,349.0,313.26190476190476,315.82,318.5531914893617,Race,Monza,Italy,2023
9157,81,Oscar PIASTRI,McLaren,12.0,4494.217,55.8,4438.4169999999995,326.0,329.0,347.0,314.51162790697674,314.46,320.2916666666667,Race,Monza,Italy,2023
9157,2,Logan SARGEANT,Williams,13.0,4499.7,24.7,4475.0,332.0,335.0,343.0,318.6304347826087,318.88,325.0,Race,Monza,Italy,2023
9157,24,ZHOU Guanyu,Alfa Romeo,14.0,4501.307,50.2,4451.107,328.0,334.0,338.0,312.18918918918916,317.8,318.2682926829268,Race,Monza,Italy,2023
9157,10,Pierre GASLY,Alpine,15.0,4503.653,51.900000000000006,4451.753000000001,324.0,327.0,347.0,307.72727272727275,310.24,314.475,Race,Monza,Italy,2023
9157,18,Lance STROLL,Aston Martin,16.0,4508.409,25.6,4482.808999999999,330.0,329.0,351.0,314.9130434782609,313.14,319.6734693877551,Race,Monza,Italy,2023
9157,27,Nico HULKENBERG,Haas F1 Team,17.0,,50.3,,319.0,324.0,328.0,309.80555555555554,311.26,311.51162790697674,Race,Monza,Italy,2023
9157,20,Kevin MAGNUSSEN,Haas F1 Team,18.0,,49.3,,328.0,334.0,330.0,307.1,314.06,311.1363636363636,Race,Monza,Italy,2023
9157,31,Esteban OCON,Alpine,,,24.2,,327.0,323.0,344.0,306.2142857142857,307.79487179487177,316.13793103448273,Race,Monza,Italy,2023
9157,22,Yuki TSUNODA,AlphaTauri,,,0.0,,,,,,,,Race,Monza,Italy,2023
7953,1,Max VERSTAPPEN,Red Bull Racing,1.0,5636.736,0.0,5636.736,237.0,262.0,303.0,232.07142857142858,241.73684210526315,288.16,Race,Sakhir,Bahrain,2023
7953,11,Sergio PEREZ,Red Bull Racing,2.0,5648.723,0.0,5648.723,238.0,263.0,330.0,233.8918918918919,244.68421052631578,292.27450980392155,Race,Sakhir,Bahrain,2023
7953,14,Fernando ALONSO,Aston Martin,3.0,5675.373,0.0,5675.373,238.0,259.0,328.0,227.25,246.35087719298247,301.15909090909093,Race,Sakhir,Bahrain,2023
7953,55,Carlos SAINZ,Ferrari,4.0,5684.788,0.0,5684.788,235.0,256.0,324.0,226.54761904761904,244.43859649122808,297.45238095238096,Race,Sakhir,Bahrain,2023
7953,44,Lewis HAMILTON,Mercedes,5.0,5687.713,0.0,5687.713,241.0,264.0,333.0,230.46666666666667,247.1578947368421,306.1489361702128,Race,Sakhir,Bahrain,2023
7953,18,Lance STROLL,Aston Martin,6.0,5691.238,0.0,5691.238,235.0,261.0,324.0,227.72727272727272,245.0,296.94,Race,Sakhir,Bahrain,2023
7953,63,George RUSSELL,Mercedes,7.0,5692.609,0.0,5692.609,238.0,265.0,325.0,227.9787234042553,249.9298245614035,302.0,Race,Sakhir,Bahrain,2023
7953,77,Valtteri BOTTAS,Alfa Romeo,8.0,5709.383,0.0,5709.383,235.0,261.0,320.0,228.13953488372093,246.26315789473685,287.9056603773585,Race,Sakhir,Bahrain,2023
7953,10,Pierre GASLY,Alpine,9.0,5710.489,0.0,5710.489,235.0,255.0,327.0,226.60526315789474,248.6315789473684,297.98,Race,Sakhir,Bahrain,2023
7953,23,Alexander ALBON,Williams,10.0,5726.51,0.0,5726.51,240.0,261.0,324.0,230.55555555555554,247.08771929824562,304.531914893617,Race,Sakhir,Bahrain,2023
7953,22,Yuki TSUNODA,AlphaTauri,11.0,5727.606,0.0,5727.606,236.0,263.0,323.0,228.5686274509804,252.49122807017545,304.54,Race,Sakhir,Bahrain,2023
7953,2,Logan SARGEANT,Williams,12.0,,0.0,,239.0,259.0,328.0,230.7111111111111,247.76785714285714,302.85714285714283,Race,Sakhir,Bahrain,2023
7953,20,Kevin MAGNUSSEN,Haas F1 Team,13.0,,0.0,,235.0,258.0,315.0,230.7560975609756,246.83928571428572,294.3125,Race,Sakhir,Bahrain,2023
7953,21,Nyck DE VRIES,AlphaTauri,14.0,,0.0,,234.0,251.0,320.0,229.07692307692307,243.375,293.4,Race,Sakhir,Bahrain,2023
7953,27,Nico HULKENBERG,Haas F1 Team,15.0,,0.0,,237.0,259.0,328.0,230.26829268292684,248.69642857142858,296.55555555555554,Race,Sakhir,Bahrain,2023
7953,24,ZHOU Guanyu,Alfa Romeo,16.0,,0.0,,239.0,268.0,327.0,228.77272727272728,243.96428571428572,296.37254901960785,Race,Sakhir,Bahrain,2023
7953,4,Lando NORRIS,McLaren,17.0,,0.0,,237.0,266.0,325.0,227.1590909090909,246.01818181818183,287.1372549019608,Race,Sakhir,Bahrain,2023
7953,16,Charles LECLERC,Ferrari,,,0.0,,230.0,255.0,324.0,227.96428571428572,243.425,297.6470588235294,Race,Sakhir,Bahrain,2023
7953,31,Esteban OCON,Alpine,,,0.0,,233.0,255.0,329.0,225.0,246.4390243902439,288.75,Race,Sakhir,Bahrain,2023
7953,81,Oscar PIASTRI,McLaren,,,0.0,,233.0,247.0,327.0,220.76923076923077,236.07692307692307,306.53846153846155,Race,Sakhir,Bahrain,2023
9126,1,Max VERSTAPPEN,Red Bull Racing,1.0,5116.938,29.0,5087.938,320.0,264.0,318.0,273.7027027027027,250.23076923076923,281.0,Race,Silverstone,United Kingdom,2023
9126,4,Lando NORRIS,McLaren,2.0,5120.736,28.4,5092.336,308.0,263.0,311.0,276.95,249.1153846153846,283.61538461538464,Race,Silverstone,United Kingdom,2023
9126,44,Lewis HAMILTON,Mercedes,3.0,5123.721,29.1,5094.620999999999,322.0,262.0,323.0,276.89130434782606,245.69230769230768,289.7307692307692,Race,Silverstone,United Kingdom,2023
9126,81,Oscar PIASTRI,McLaren,4.0,5124.714,28.6,5096.114,313.0,263.0,322.0,280.06976744186045,247.3846153846154,290.7692307692308,Race,Silverstone,United Kingdom,2023
9126,63,George RUSSELL,Mercedes,5.0,5128.144,29.4,5098.744000000001,321.0,265.0,324.0,283.15909090909093,250.75,295.11538461538464,Race,Silverstone,United Kingdom,2023
9126,11,Sergio PEREZ,Red Bull Racing,6.0,5129.82,28.0,5101.82,321.0,265.0,338.0,283.9183673469388,245.67307692307693,295.0,Race,Silverstone,United Kingdom,2023
9126,14,Fernando ALONSO,Aston Martin,7.0,5134.131,28.6,5105.531,318.0,261.0,322.0,281.0263157894737,246.48076923076923,293.5769230769231,Race,Silverstone,United Kingdom,2023
9126,23,Alexander ALBON,Williams,8.0,5134.816,29.6,5105.215999999999,322.0,263.0,330.0,286.9583333333333,245.96153846153845,297.61538461538464,Race,Silverstone,United Kingdom,2023
9126,16,Charles LECLERC,Ferrari,9.0,5135.627,57.0,5078.627,331.0,264.0,330.0,283.8333333333333,246.40384615384616,294.3269230769231,Race,Silverstone,United Kingdom,2023
9126,55,Carlos SAINZ,Ferrari,10.0,5136.386,28.8,5107.586,330.0,264.0,323.0,279.0975609756098,245.5,291.7692307692308,Race,Silverstone,United Kingdom,2023
9126,2,Logan SARGEANT,Williams,11.0,5140.57,28.8,5111.7699999999995,325.0,263.0,332.0,291.2093023255814,243.69230769230768,299.0192307692308,Race,Silverstone,United Kingdom,2023
9126,77,Valtteri BOTTAS,Alfa Romeo,12.0,5142.768,29.6,5113.168,314.0,262.0,323.0,275.5405405405405,243.3846153846154,287.13461538461536,Race,Silverstone,United Kingdom,2023
9126,27,Nico HULKENBERG,Haas F1 Team,13.0,5143.601,71.9,5071.701,317.0,263.0,328.0,283.725,243.25,293.61538461538464,Race,Silverstone,United Kingdom,2023
9126,18,Lance STROLL,Aston Martin,14.0,5144.421,28.5,5115.921,320.0,263.0,333.0,286.51020408163265,245.76923076923077,295.1730769230769,Race,Silverstone,United Kingdom,2023
9126,24,ZHOU Guanyu,Alfa Romeo,15.0,5146.758,92.1,5054.657999999999,315.0,264.0,331.0,281.7142857142857,245.34615384615384,295.40384615384613,Race,Silverstone,United Kingdom,2023
9126,22,Yuki TSUNODA,AlphaTauri,16.0,5148.163,56.900000000000006,5091.263,323.0,260.0,330.0,284.06976744186045,243.78846153846155,294.0,Race,Silverstone,United Kingdom,2023
9126,21,Nyck DE VRIES,AlphaTauri,17.0,5150.066,56.599999999999994,5093.465999999999,321.0,263.0,334.0,286.5581395348837,242.55769230769232,299.78846153846155,Race,Silverstone,United Kingdom,2023
9126,10,Pierre GASLY,Alpine,18.0,,28.4,,316.0,259.0,318.0,268.48571428571427,237.80434782608697,289.5217391304348,Race,Silverstone,United Kingdom,2023
9126,31,Esteban OCON,Alpine,,,0.0,,309.0,256.0,318.0,293.75,253.77777777777777,301.0,Race,Silverstone,United Kingdom,2023
9126,20,Kevin MAGNUSSEN,Haas F1 Team,,,0.0,,313.0,255.0,322.0,295.82142857142856,251.19354838709677,300.2903225806452,Race,Silverstone,United Kingdom,2023
9141,1,Max VERSTAPPEN,Red Bull Racing,1.0,4950.45,45.8,4904.65,341.0,204.0,308.0,310.43243243243245,191.8409090909091,293.2682926829268,Race,Spa-Francorchamps,Belgium,2023
9141,11,Sergio PEREZ,Red Bull Racing,2.0,4972.755,46.3,4926.455,314.0,197.0,307.0,305.8536585365854,190.61363636363637,296.2926829268293,Race,Spa-Francorchamps,Belgium,2023
9141,16,Charles LECLERC,Ferrari,3.0,4982.709,46.3,4936.409,315.0,203.0,310.0,305.35897435897436,190.75,302.8,Race,Spa-Francorchamps,Belgium,2023
9141,44,Lewis HAMILTON,Mercedes,4.0,5000.121,69.1,4931.021,324.0,199.0,312.0,311.1081081081081,188.11363636363637,307.3783783783784,Race,Spa-Francorchamps,Belgium,2023
9141,14,Fernando ALONSO,Aston Martin,5.0,5006.634,46.7,4959.934,334.0,196.0,312.0,308.27027027027026,188.5909090909091,304.969696969697,Race,Spa-Francorchamps,Belgium,2023
9141,63,George RUSSELL,Mercedes,6.0,5013.551,23.8,4989.751,346.0,196.0,313.0,311.6923076923077,187.47727272727272,303.8888888888889,Race,Spa-Francorchamps,Belgium,2023
9141,4,Lando NORRIS,McLaren,7.0,5024.169,48.7,4975.469,330.0,198.0,309.0,307.2894736842105,186.95454545454547,302.48571428571427,Race,Spa-Francorchamps,Belgium,2023
9141,31,Esteban OCON,Alpine,8.0,5025.169,46.3,4978.869,347.0,195.0,318.0,320.71794871794873,186.77272727272728,308.2564102564103,Race,Spa-Francorchamps,Belgium,2023
9141,18,Lance STROLL,Aston Martin,9.0,5029.79,25.3,5004.49,343.0,194.0,309.0,310.6666666666667,185.95454545454547,303.94444444444446,Race,Spa-Francorchamps,Belgium,2023
9141,22,Yuki TSUNODA,AlphaTauri,10.0,5030.671,45.3,4985.371,340.0,195.0,313.0,315.85,189.04545454545453,308.0,Race,Spa-Francorchamps,Belgium,2023
9141,10,Pierre GASLY,Alpine,11.0,5033.534,25.6,5007.933999999999,355.0,193.0,319.0,322.1666666666667,182.04545454545453,308.8484848484849,Race,Spa-Francorchamps,Belgium,2023
9141,77,Valtteri BOTTAS,Alfa Romeo,12.0,5035.641,47.0,4988.641,342.0,194.0,315.0,320.45,185.1818181818182,306.5405405405405,Race,Spa-Francorchamps,Belgium,2023
9141,24,ZHOU Guanyu,Alfa Romeo,13.0,5045.891,48.4,4997.491,345.0,199.0,319.0,323.76190476190476,187.0,311.225,Race,Spa-Francorchamps,Belgium,2023
9141,23,Alexander ALBON,Williams,14.0,5046.634,72.0,4974.634,345.0,197.0,320.0,330.3170731707317,184.86363636363637,313.6388888888889,Race,Spa-Francorchamps,Belgium,2023
9141,20,Kevin MAGNUSSEN,Haas F1 Team,15.0,5052.204,47.1,5005.103999999999,343.0,194.0,314.0,315.77142857142854,182.97727272727272,307.41379310344826,Race,Spa-Francorchamps,Belgium,2023
9141,3,Daniel RICCIARDO,AlphaTauri,16.0,5053.521,46.0,5007.521,342.0,192.0,317.0,322.3333333333333,185.45454545454547,306.94444444444446,Race,Spa-Francorchamps,Belgium,2023
9141,2,Logan SARGEANT,Williams,17.0,5054.926,70.5,4984.426,353.0,194.0,323.0,332.1025641025641,185.54545454545453,313.69444444444446,Race,Spa-Francorchamps,Belgium,2023
9141,27,Nico HULKENBERG,Haas F1 Team,18.0,5060.9,49.7,5011.2,343.0,193.0,317.0,319.89473684210526,183.97727272727272,309.6969696969697,Race,Spa-Francorchamps,Belgium,2023
9141,55,Carlos SAINZ,Ferrari,,,23.3,,333.0,193.0,312.0,316.05555555555554,183.04347826086956,304.9047619047619,Race,Spa-Francorchamps,Belgium,2023
9141,81,Oscar PIASTRI,McLaren,,,0.0,,109.0,,,109.0,,,Race,Spa-Francorchamps,Belgium,2023
9118,1,Max VERSTAPPEN,Red Bull Racing,1.0,5133.607,80.5,5053.107,320.0,244.0,321.0,289.984375,228.25352112676057,294.28169014084506,Race,Spielberg,Austria,2023
9118,16,Charles LECLERC,Ferrari,2.0,5138.762,61.099999999999994,5077.661999999999,305.0,237.0,312.0,293.22222222222223,227.29577464788733,294.11267605633805,Race,Spielberg,Austria,2023
9118,11,Sergio PEREZ,Red Bull Racing,3.0,5150.795,60.2,5090.595,330.0,234.0,325.0,304.27868852459017,223.73239436619718,299.2676056338028,Race,Spielberg,Austria,2023
9118,4,Lando NORRIS,McLaren,4.0,5159.934,61.2,5098.734,319.0,237.0,316.0,300.46666666666664,224.74647887323943,297.1267605633803,Race,Spielberg,Austria,2023
9118,14,Fernando ALONSO,Aston Martin,5.0,5163.924,60.8,5103.124,311.0,236.0,307.0,294.0508474576271,224.2112676056338,291.83098591549293,Race,Spielberg,Austria,2023
9118,55,Carlos SAINZ,Ferrari,6.0,5164.984,71.0,5093.984,324.0,236.0,322.0,294.73214285714283,225.04225352112675,296.14084507042253,Race,Spielberg,Austria,2023
9118,63,George RUSSELL,Mercedes,7.0,5182.01,61.8,5120.21,325.0,234.0,319.0,296.8360655737705,222.64788732394365,295.09859154929575,Race,Spielberg,Austria,2023
9118,44,Lewis HAMILTON,Mercedes,8.0,5182.803,66.0,5116.803,324.0,233.0,318.0,298.10769230769233,222.5211267605634,291.23943661971833,Race,Spielberg,Austria,2023
9118,18,Lance STROLL,Aston Martin,9.0,5192.65,84.7,5107.95,324.0,235.0,317.0,299.24615384615385,222.46478873239437,296.38028169014086,Race,Spielberg,Austria,2023
9118,10,Pierre GASLY,Alpine,10.0,5201.274,65.9,5135.374000000001,318.0,234.0,315.0,291.1489361702128,225.3661971830986,291.3943661971831,Race,Spielberg,Austria,2023
9118,23,Alexander ALBON,Williams,11.0,5213.374,65.8,5147.574,323.0,233.0,318.0,301.67692307692306,223.33802816901408,297.7464788732394,Race,Spielberg,Austria,2023
9118,24,ZHOU Guanyu,Alfa Romeo,12.0,,63.599999999999994,,321.0,233.0,315.0,295.7049180327869,222.92857142857142,292.57142857142856,Race,Spielberg,Austria,2023
9118,2,Logan SARGEANT,Williams,13.0,,61.900000000000006,,325.0,234.0,315.0,301.6,224.0142857142857,298.07142857142856,Race,Spielberg,Austria,2023
9118,31,Esteban OCON,Alpine,14.0,,70.5,,331.0,233.0,320.0,292.17543859649123,224.5142857142857,294.57142857142856,Race,Spielberg,Austria,2023
9118,77,Valtteri BOTTAS,Alfa Romeo,15.0,,70.7,,323.0,230.0,321.0,297.109375,220.74285714285713,296.74285714285713,Race,Spielberg,Austria,2023
9118,81,Oscar PIASTRI,McLaren,16.0,,91.9,,325.0,233.0,319.0,301.45454545454544,221.42857142857142,299.72857142857146,Race,Spielberg,Austria,2023
9118,21,Nyck DE VRIES,AlphaTauri,17.0,,59.3,,318.0,232.0,316.0,295.3103448275862,221.3,298.12857142857143,Race,Spielberg,Austria,2023
9118,20,Kevin MAGNUSSEN,Haas F1 Team,18.0,,74.3,,322.0,229.0,318.0,298.515625,221.28985507246378,298.57142857142856,Race,Spielberg,Austria,2023
9118,22,Yuki TSUNODA,AlphaTauri,19.0,,94.3,,324.0,232.0,320.0,294.55555555555554,219.52857142857144,296.0857142857143,Race,Spielberg,Austria,2023
9118,27,Nico HULKENBERG,Haas F1 Team,,,38.5,,312.0,227.0,312.0,285.15384615384613,202.66666666666666,297.5833333333333,Race,Spielberg,Austria,2023
9173,1,Max VERSTAPPEN,Red Bull Racing,1.0,5458.421,47.900000000000006,5410.521000000001,282.0,302.0,302.0,266.8636363636364,287.3018867924528,279.3018867924528,Race,Suzuka,Japan,2023
9173,4,Lando NORRIS,McLaren,2.0,5477.808,46.6,5431.208,282.0,307.0,303.0,266.265306122449,287.2830188679245,284.37735849056605,Race,Suzuka,Japan,2023
9173,81,Oscar PIASTRI,McLaren,3.0,5494.915,47.5,5447.415,283.0,309.0,312.0,268.85714285714283,288.8867924528302,284.50943396226415,Race,Suzuka,Japan,2023
9173,16,Charles LECLERC,Ferrari,4.0,5502.419,46.0,5456.419,280.0,306.0,308.0,268.5777777777778,288.45283018867923,287.1698113207547,Race,Suzuka,Japan,2023
9173,44,Lewis HAMILTON,Mercedes,5.0,5507.797,48.400000000000006,5459.397,280.0,314.0,305.0,265.4468085106383,288.2830188679245,285.58490566037733,Race,Suzuka,Japan,2023
9173,55,Carlos SAINZ,Ferrari,6.0,5508.642,46.3,5462.342,280.0,305.0,311.0,268.15555555555557,290.1509433962264,289.0943396226415,Race,Suzuka,Japan,2023
9173,63,George RUSSELL,Mercedes,7.0,5516.08,24.0,5492.08,280.0,306.0,303.0,265.53846153846155,290.24528301886795,284.188679245283,Race,Suzuka,Japan,2023
9173,14,Fernando ALONSO,Aston Martin,8.0,5533.146,48.2,5484.946,277.0,302.0,304.0,266.8636363636364,288.2641509433962,284.9056603773585,Race,Suzuka,Japan,2023
9173,31,Esteban OCON,Alpine,9.0,5538.099,50.7,5487.399,277.0,307.0,307.0,261.35897435897436,290.811320754717,288.0377358490566,Race,Suzuka,Japan,2023
9173,10,Pierre GASLY,Alpine,10.0,5541.576,49.0,5492.576,279.0,308.0,308.0,263.1304347826087,290.6792452830189,287.0943396226415,Race,Suzuka,Japan,2023
9173,40,Liam LAWSON,AlphaTauri,11.0,,46.7,,278.0,300.0,302.0,264.375,288.3269230769231,280.90384615384613,Race,Suzuka,Japan,2023
9173,22,Yuki TSUNODA,AlphaTauri,12.0,,46.2,,280.0,300.0,301.0,267.625,286.86538461538464,281.5192307692308,Race,Suzuka,Japan,2023
9173,24,ZHOU Guanyu,Alfa Romeo,13.0,,89.1,,275.0,301.0,302.0,260.87179487179486,286.4423076923077,280.5769230769231,Race,Suzuka,Japan,2023
9173,27,Nico HULKENBERG,Haas F1 Team,14.0,,70.4,,277.0,303.0,305.0,267.52272727272725,288.4423076923077,284.03846153846155,Race,Suzuka,Japan,2023
9173,20,Kevin MAGNUSSEN,Haas F1 Team,15.0,,47.6,,277.0,302.0,304.0,266.2682926829268,287.03846153846155,282.59615384615387,Race,Suzuka,Japan,2023
9173,23,Alexander ALBON,Williams,,,102.2,,278.0,305.0,294.0,265.4736842105263,284.9230769230769,263.61538461538464,Race,Suzuka,Japan,2023
9173,18,Lance STROLL,Aston Martin,,,23.4,,273.0,305.0,308.0,250.4,279.05,266.0,Race,Suzuka,Japan,2023
9173,2,Logan SARGEANT,Williams,,,111.6,,280.0,305.0,304.0,269.2105263157895,271.77272727272725,264.1363636363636,Race,Suzuka,Japan,2023
9173,11,Sergio PEREZ,Red Bull Racing,,,2590.3,,278.0,309.0,309.0,244.92857142857142,255.8,238.66666666666666,Race,Suzuka,Japan,2023
9173,77,Valtteri BOTTAS,Alfa Romeo,,,109.3,,275.0,292.0,252.0,229.14285714285714,214.71428571428572,196.14285714285714,Race,Suzuka,Japan,2023
9205,1,Max VERSTAPPEN,Red Bull Racing,1.0,7008.894,1467.3,5541.594,305.0,250.0,315.0,295.4901960784314,241.18309859154928,286.7,Race,São Paulo,Brazil,2023
9205,4,Lando NORRIS,McLaren,2.0,7017.171,1471.3,5545.871,318.0,261.0,314.0,298.95081967213116,247.16901408450704,287.8636363636364,Race,São Paulo,Brazil,2023
9205,14,Fernando ALONSO,Aston Martin,3.0,7043.049,1474.5,5568.549,324.0,258.0,328.0,297.72131147540983,244.28169014084506,292.9824561403509,Race,São Paulo,Brazil,2023
9205,11,Sergio PEREZ,Red Bull Racing,4.0,7043.102,1479.1,5564.002,325.0,258.0,328.0,308.6666666666667,244.1549295774648,299.7704918032787,Race,São Paulo,Brazil,2023
9205,18,Lance STROLL,Aston Martin,5.0,7049.739,1477.1000000000001,5572.638999999999,319.0,255.0,326.0,304.03921568627453,243.25352112676057,293.44444444444446,Race,São Paulo,Brazil,2023
9205,55,Carlos SAINZ,Ferrari,6.0,7059.082,1483.9,5575.182000000001,327.0,255.0,324.0,308.9056603773585,244.40845070422534,302.55555555555554,Race,São Paulo,Brazil,2023
9205,10,Pierre GASLY,Alpine,7.0,7064.987,1485.9,5579.0869999999995,322.0,254.0,331.0,308.17543859649123,242.61971830985917,297.87692307692305,Race,São Paulo,Brazil,2023
9205,44,Lewis HAMILTON,Mercedes,8.0,7071.753,1472.3,5599.4529999999995,321.0,252.0,319.0,295.1967213114754,242.53521126760563,284.2258064516129,Race,São Paulo,Brazil,2023
9205,22,Yuki TSUNODA,AlphaTauri,9.0,7078.774,1486.8000000000002,5591.974,323.0,250.0,329.0,306.60377358490564,242.95774647887325,295.9836065573771,Race,São Paulo,Brazil,2023
9205,31,Esteban OCON,Alpine,10.0,,1508.8000000000002,,322.0,251.0,325.0,303.3220338983051,240.07142857142858,292.6607142857143,Race,São Paulo,Brazil,2023
9205,2,Logan SARGEANT,Williams,11.0,,1497.0000000000002,,325.0,250.0,312.0,301.37704918032784,242.87142857142857,295.5081967213115,Race,São Paulo,Brazil,2023
9205,27,Nico HULKENBERG,Haas F1 Team,12.0,,1503.4,,323.0,253.0,324.0,298.43548387096774,238.9142857142857,290.17241379310343,Race,São Paulo,Brazil,2023
9205,3,Daniel RICCIARDO,AlphaTauri,13.0,,1656.8,,323.0,254.0,323.0,306.5964912280702,241.9857142857143,296.21875,Race,São Paulo,Brazil,2023
9205,81,Oscar PIASTRI,McLaren,14.0,,1669.2,,325.0,259.0,320.0,304.9122807017544,247.05797101449275,290.537037037037,Race,São Paulo,Brazil,2023
9205,23,Alexander ALBON,Williams,,,0.0,,,,229.0,,,229.0,Race,São Paulo,Brazil,2023
9205,16,Charles LECLERC,Ferrari,,,0.0,,,,,,,,Race,São Paulo,Brazil,2023
9205,63,George RUSSELL,Mercedes,,,1478.9,,317.0,252.0,310.0,300.8888888888889,239.12280701754386,288.8125,Race,São Paulo,Brazil,2023
9205,20,Kevin MAGNUSSEN,Haas F1 Team,,,0.0,,,,232.0,,,232.0,Race,São Paulo,Brazil,2023
9205,77,Valtteri BOTTAS,Alfa Romeo,,,1462.8,,322.0,248.0,327.0,303.51428571428573,237.3846153846154,295.11764705882354,Race,São Paulo,Brazil,2023
9205,24,ZHOU Guanyu,Alfa Romeo,,,1465.0000000000002,,322.0,248.0,316.0,302.04761904761904,234.3181818181818,284.94444444444446,Race,São Paulo,Brazil,2023
9197,1,Max VERSTAPPEN,Red Bull Racing,1.0,5222.624,42.8,5179.824,291.0,322.0,323.0,285.53333333333336,296.2413793103448,299.7931034482759,Race,Yas Island,United Arab Emirates,2023
9197,16,Charles LECLERC,Ferrari,2.0,5240.617,43.099999999999994,5197.517,291.0,317.0,331.0,285.1020408163265,299.3965517241379,305.1551724137931,Race,Yas Island,United Arab Emirates,2023
9197,63,George RUSSELL,Mercedes,3.0,5242.952,43.6,5199.352,293.0,321.0,326.0,288.22222222222223,302.9655172413793,305.2586206896552,Race,Yas Island,United Arab Emirates,2023
9197,11,Sergio PEREZ,Red Bull Racing,4.0,5244.077,42.599999999999994,5201.477,295.0,330.0,333.0,287.24,302.4655172413793,309.7586206896552,Race,Yas Island,United Arab Emirates,2023
9197,4,Lando NORRIS,McLaren,5.0,5246.908,45.4,5201.508000000001,295.0,325.0,330.0,288.5,300.2413793103448,305.2068965517241,Race,Yas Island,United Arab Emirates,2023
9197,81,Oscar PIASTRI,McLaren,6.0,5254.111,42.7,5211.411,296.0,318.0,335.0,289.3207547169811,304.0344827586207,307.2241379310345,Race,Yas Island,United Arab Emirates,2023
9197,14,Fernando ALONSO,Aston Martin,7.0,5262.136,44.2,5217.936000000001,295.0,326.0,330.0,287.8536585365854,305.67241379310343,309.0344827586207,Race,Yas Island,United Arab Emirates,2023
9197,22,Yuki TSUNODA,AlphaTauri,8.0,5265.712,21.4,5244.312000000001,290.0,322.0,318.0,285.125,297.67241379310343,301.98275862068965,Race,Yas Island,United Arab Emirates,2023
9197,44,Lewis HAMILTON,Mercedes,9.0,5267.048,44.1,5222.947999999999,291.0,323.0,331.0,285.0232558139535,302.55172413793105,307.9655172413793,Race,Yas Island,United Arab Emirates,2023
9197,18,Lance STROLL,Aston Martin,10.0,5278.256,43.400000000000006,5234.856000000001,292.0,323.0,327.0,287.9756097560976,295.1896551724138,307.05172413793105,Race,Yas Island,United Arab Emirates,2023
9197,3,Daniel RICCIARDO,AlphaTauri,11.0,5278.853,43.3,5235.553,291.0,322.0,324.0,285.3636363636364,299.2068965517241,304.2586206896552,Race,Yas Island,United Arab Emirates,2023
9197,31,Esteban OCON,Alpine,12.0,5288.997,22.1,5266.897,290.0,324.0,325.0,285.8666666666667,302.2758620689655,308.44827586206895,Race,Yas Island,United Arab Emirates,2023
9197,10,Pierre GASLY,Alpine,13.0,5292.984,46.4,5246.584000000001,290.0,316.0,332.0,284.2826086956522,297.08620689655174,304.41379310344826,Race,Yas Island,United Arab Emirates,2023
9197,23,Alexander ALBON,Williams,14.0,5295.808,44.0,5251.808,295.0,327.0,335.0,288.9761904761905,305.87931034482756,313.3103448275862,Race,Yas Island,United Arab Emirates,2023
9197,27,Nico HULKENBERG,Haas F1 Team,15.0,5306.32,43.8,5262.5199999999995,288.0,311.0,322.0,282.0217391304348,295.0689655172414,299.5,Race,Yas Island,United Arab Emirates,2023
9197,2,Logan SARGEANT,Williams,16.0,5310.415,43.900000000000006,5266.515,295.0,328.0,335.0,289.3,307.3448275862069,310.9310344827586,Race,Yas Island,United Arab Emirates,2023
9197,24,ZHOU Guanyu,Alfa Romeo,17.0,5312.046,45.1,5266.946,289.0,317.0,325.0,284.06666666666666,295.1034482758621,302.8103448275862,Race,Yas Island,United Arab Emirates,2023
9197,55,Carlos SAINZ,Ferrari,18.0,,42.7,,290.0,319.0,333.0,282.28,298.8421052631579,303.2280701754386,Race,Yas Island,United Arab Emirates,2023
9197,77,Valtteri BOTTAS,Alfa Romeo,19.0,,22.6,,287.0,321.0,327.0,282.47727272727275,296.719298245614,300.7719298245614,Race,Yas Island,United Arab Emirates,2023
9197,20,Kevin MAGNUSSEN,Haas F1 Team,20.0,,44.8,,290.0,322.0,335.0,283.8222222222222,297.35087719298247,302.2105263157895,Race,Yas Island,United Arab Emirates,2023
9149,1,Max VERSTAPPEN,Red Bull Racing,1.0,8644.411,2581.3,6063.111,289.0,266.0,305.0,259.19607843137254,250.54166666666666,272.51851851851853,Race,Zandvoort,Netherlands,2023
9149,14,Fernando ALONSO,Aston Martin,2.0,8648.155,2541.7000000000003,6106.455,289.0,277.0,323.0,261.24528301886795,253.90277777777777,273.26229508196724,Race,Zandvoort,Netherlands,2023
9149,10,Pierre GASLY,Alpine,3.0,8651.469,2536.7999999999997,6114.669,289.0,277.0,324.0,264.3272727272727,255.79166666666666,274.67241379310343,Race,Zandvoort,Netherlands,2023
9149,11,Sergio PEREZ,Red Bull Racing,4.0,8654.479,2585.2999999999997,6069.179,287.0,266.0,303.0,258.5652173913044,252.66666666666666,273.93333333333334,Race,Zandvoort,Netherlands,2023
9149,55,Carlos SAINZ,Ferrari,5.0,8656.952,2522.6,6134.351999999999,294.0,280.0,331.0,264.9655172413793,256.4861111111111,280.83870967741933,Race,Zandvoort,Netherlands,2023
9149,44,Lewis HAMILTON,Mercedes,6.0,8657.62,2511.2,6146.420000000001,291.0,284.0,324.0,269.15384615384613,256.02777777777777,276.06349206349205,Race,Zandvoort,Netherlands,2023
9149,4,Lando NORRIS,McLaren,7.0,8657.643,2566.3999999999996,6091.243,295.0,279.0,322.0,269.078125,259.52777777777777,279.109375,Race,Zandvoort,Netherlands,2023
9149,23,Alexander ALBON,Williams,8.0,8659.566,2523.5,6136.066000000001,290.0,278.0,327.0,263.54545454545456,251.54166666666666,276.55,Race,Zandvoort,Netherlands,2023
9149,81,Oscar PIASTRI,McLaren,9.0,8660.991,2533.3,6127.691,289.0,285.0,334.0,270.58730158730157,251.43055555555554,279.12698412698415,Race,Zandvoort,Netherlands,2023
9149,31,Esteban OCON,Alpine,10.0,8662.757,2552.3999999999996,6110.357,289.0,276.0,323.0,265.5625,251.47222222222223,274.7368421052632,Race,Zandvoort,Netherlands,2023
9149,18,Lance STROLL,Aston Martin,11.0,8664.498,2545.3999999999996,6119.098,292.0,280.0,311.0,270.76271186440675,254.44444444444446,276.24590163934425,Race,Zandvoort,Netherlands,2023
9149,27,Nico HULKENBERG,Haas F1 Team,12.0,8665.251,2507.1,6158.151,288.0,279.0,334.0,265.59322033898303,250.47222222222223,278.13793103448273,Race,Zandvoort,Netherlands,2023
9149,40,Liam LAWSON,AlphaTauri,13.0,8670.558,2559.0000000000005,6111.558000000001,286.0,278.0,312.0,264.7169811320755,252.02777777777777,278.66101694915255,Race,Zandvoort,Netherlands,2023
9149,77,Valtteri BOTTAS,Alfa Romeo,14.0,8671.799,2497.6,6174.1990000000005,290.0,280.0,329.0,263.4,253.09722222222223,279.09375,Race,Zandvoort,Netherlands,2023
9149,22,Yuki TSUNODA,AlphaTauri,15.0,8674.304,2521.5000000000005,6152.804,286.0,275.0,322.0,262.9166666666667,249.80555555555554,276.14516129032256,Race,Zandvoort,Netherlands,2023
9149,20,Kevin MAGNUSSEN,Haas F1 Team,16.0,8675.821,2520.7,6155.121,288.0,277.0,324.0,262.20754716981133,252.63888888888889,277.2,Race,Zandvoort,Netherlands,2023
9149,63,George RUSSELL,Mercedes,17.0,8700.165,2593.2,6106.965000000001,289.0,281.0,323.0,269.23333333333335,252.36111111111111,277.93220338983053,Race,Zandvoort,Netherlands,2023
9149,16,Charles LECLERC,Ferrari,,,59.8,,291.0,279.0,316.0,275.5625,260.1219512195122,278.63157894736844,Race,Zandvoort,Netherlands,2023
9149,2,Logan SARGEANT,Williams,,,0.0,,281.0,269.0,300.0,247.36363636363637,246.57142857142858,251.06666666666666,Race,Zandvoort,Netherlands,2023
9149,24,ZHOU Guanyu,Alfa Romeo,,,85.0,,284.0,275.0,321.0,266.6078431372549,257.80645161290323,276.35087719298247,Race,Zandvoort,Netherlands,2023
9221,55,Carlos SAINZ,Ferrari,,,0.0,,,,,,,,,,,2023
